{
  "_version": 3,
  "tracks": {
    "Gosford": {
      "b": 557,
      "w": 53,
      "p": 151,
      "s": 2092.69,
      "r": 1948.7100000000003
    },
    "Caulfield": {
      "b": 519,
      "w": 57,
      "p": 138,
      "s": 2234.1900000000014,
      "r": 2279.41
    },
    "Wagga": {
      "b": 496,
      "w": 51,
      "p": 136,
      "s": 2241.560000000001,
      "r": 2928.6400000000012
    },
    "Eagle Farm": {
      "b": 521,
      "w": 60,
      "p": 155,
      "s": 2247.3399999999992,
      "r": 3059.4500000000007
    },
    "Mildura": {
      "b": 604,
      "w": 62,
      "p": 165,
      "s": 2360.1399999999985,
      "r": 2706.649999999999
    },
    "Morphettville": {
      "b": 546,
      "w": 60,
      "p": 155,
      "s": 2169.2499999999995,
      "r": 2610.1299999999983
    },
    "Flemington": {
      "b": 556,
      "w": 56,
      "p": 164,
      "s": 2224.5499999999997,
      "r": 2715.8599999999988
    },
    "Sandown": {
      "b": 612,
      "w": 64,
      "p": 165,
      "s": 2597.5999999999995,
      "r": 2972.450000000001
    },
    "Rosehill": {
      "b": 560,
      "w": 57,
      "p": 147,
      "s": 2280.4699999999993,
      "r": 2560.63
    },
    "Randwick": {
      "b": 561,
      "w": 59,
      "p": 172,
      "s": 2224.55,
      "r": 2738.6699999999996
    },
    "Ballarat": {
      "b": 582,
      "w": 59,
      "p": 171,
      "s": 2316.77,
      "r": 2454.3000000000015
    },
    "Moonee Valley": {
      "b": 509,
      "w": 42,
      "p": 129,
      "s": 1893.9099999999994,
      "r": 1986.79
    },
    "Bendigo": {
      "b": 509,
      "w": 46,
      "p": 130,
      "s": 2171.6200000000003,
      "r": 2421.600000000001
    }
  },
  "conditions": {
    "Good 4": {
      "b": 2062,
      "w": 212,
      "p": 558,
      "s": 8405.979999999996,
      "r": 9399.780000000004
    },
    "Good 3": {
      "b": 2513,
      "w": 257,
      "p": 691,
      "s": 10201.03,
      "r": 11830.32999999999
    },
    "Dead 4": {
      "b": 1065,
      "w": 104,
      "p": 291,
      "s": 4276.750000000002,
      "r": 4788.449999999999
    },
    "Soft 6": {
      "b": 301,
      "w": 32,
      "p": 91,
      "s": 1135.9700000000003,
      "r": 1408.7400000000002
    },
    "Heavy 8": {
      "b": 149,
      "w": 16,
      "p": 36,
      "s": 563.4700000000003,
      "r": 474.25
    },
    "Soft 5": {
      "b": 430,
      "w": 49,
      "p": 134,
      "s": 1922.2700000000002,
      "r": 2537.2699999999977
    },
    "Dead 5": {
      "b": 612,
      "w": 56,
      "p": 177,
      "s": 2549.17,
      "r": 2944.4699999999993
    }
  },
  "barriers": {
    "1-3": {
      "b": 4316,
      "w": 442,
      "p": 1177,
      "s": 17533.710000000006,
      "r": 20580.11000000004
    },
    "4-6": {
      "b": 2263,
      "w": 227,
      "p": 646,
      "s": 9585.659999999993,
      "r": 10462.739999999996
    },
    "7-9": {
      "b": 543,
      "w": 57,
      "p": 153,
      "s": 1911.9700000000007,
      "r": 2326.9200000000005
    },
    "10+": {
      "b": 10,
      "w": 0,
      "p": 2,
      "s": 23.3,
      "r": 13.52
    }
  },
  "scoreBands": {
    "55-64": {
      "b": 0,
      "w": 0,
      "p": 0,
      "s": 0,
      "r": 0
    },
    "65-74": {
      "b": 4365,
      "w": 443,
      "p": 1209,
      "s": 17659.840000000007,
      "r": 19020.410000000003
    },
    "75-84": {
      "b": 2719,
      "w": 277,
      "p": 753,
      "s": 11216.580000000005,
      "r": 14101.529999999979
    },
    "85+": {
      "b": 48,
      "w": 6,
      "p": 16,
      "s": 178.21999999999997,
      "r": 261.35
    }
  },
  "betTypes": {
    "WIN": {
      "b": 304,
      "w": 20,
      "p": 70,
      "s": 1344.4800000000002,
      "r": 910.13
    },
    "PLACE": {
      "b": 1275,
      "w": 135,
      "p": 344,
      "s": 4277.88,
      "r": 4381.809999999999
    },
    "EACH-WAY": {
      "b": 5553,
      "w": 571,
      "p": 1564,
      "s": 23432.280000000002,
      "r": 28091.350000000024
    }
  },
  "oddsRanges": {
    "4-7": {
      "b": 0,
      "w": 0,
      "p": 0,
      "s": 0,
      "r": 0
    },
    "8-11": {
      "b": 0,
      "w": 0,
      "p": 0,
      "s": 0,
      "r": 0
    },
    "12-16": {
      "b": 7124,
      "w": 726,
      "p": 1977,
      "s": 29029.23999999996,
      "r": 33373.530000000006
    },
    "17+": {
      "b": 8,
      "w": 0,
      "p": 1,
      "s": 25.4,
      "r": 9.76
    }
  },
  "weights": {
    "recentForm": 0.2465,
    "classRating": 0.1651,
    "barrier": 0.2998,
    "wetTrack": 0.1238,
    "jockeyTier": 0.099,
    "trainerTier": 0.0658
  },
  "thresholds": {
    "minScore": 65,
    "minOdds": 11.5,
    "maxOdds": 12,
    "ewOddsMin": 11.5
  },
  "totalBets": 7132,
  "totalStaked": 29054.639999999967,
  "totalReturn": 33383.29000000001,
  "consLosses": 5,
  "consWins": 0,
  "version": 714
}